{
    "session_metrics": {
        "total_sessions": 10,
        "unique_subjects": 10,
        "total_recording_duration": 14050.890271999999,
        "average_session_duration": 1405.0890272,
        "std_session_duration": 728.8435062743863,
        "median_session_duration": 1277.6759124999999,
        "average_sampling_rate": 52.28617030007787,
        "std_sampling_rate": 0.897623968826204,
        "total_samples": 735782,
        "session": {
            "timestamp_continuity_percentage": 45.70130555491821,
            "sample_interval_consistency": {
                "median_interval": 0.019385088,
                "5th_percentile": 0.01429664,
                "95th_percentile": 0.02142208
            }
        }
    },
    "accelerometer_characteristics": {
        "range": {
            "x": [
                -36.074195861816406,
                16.85743522644043
            ],
            "y": [
                -49.122257232666016,
                35.82773208618164
            ],
            "z": [
                -21.554546356201172,
                25.698915481567383
            ]
        },
        "mean": {
            "x": -1.1529545783996582,
            "y": -5.394556999206543,
            "z": 2.7389004230499268
        },
        "std": {
            "x": 6.32886266708374,
            "y": 3.902219772338867,
            "z": 3.793303966522217
        },
        "skew": {
            "x": -0.3399016109261418,
            "y": 0.12225573687456845,
            "z": -0.17945021806863443
        },
        "kurtosis": {
            "x": -0.6124741589921934,
            "y": 0.2763318823810472,
            "z": 0.19849731822732908
        },
        "snr_db": {
            "x": 0.14179197140038013,
            "y": 4.640634655952454,
            "z": 1.8222670257091522
        }
    },
    "gyroscope_characteristics": {
        "range": {
            "x": [
                -19.92487144470215,
                25.455284118652344
            ],
            "y": [
                -9.303646087646484,
                13.042688369750977
            ],
            "z": [
                -9.066750526428223,
                12.82655143737793
            ]
        },
        "mean": {
            "x": 0.0017594991950318217,
            "y": 0.028203558176755905,
            "z": -0.0042237951420247555
        },
        "std": {
            "x": 1.5797581672668457,
            "y": 0.7439875602722168,
            "z": 0.927236795425415
        },
        "skew": {
            "x": 0.5697947036373472,
            "y": 0.6048673762754662,
            "z": 1.0425965060266662
        },
        "kurtosis": {
            "x": 23.38599415448761,
            "y": 19.199320840151046,
            "z": 19.767645978023488
        },
        "snr_db": {
            "x": 5.1771905873465585e-06,
            "y": 0.006236626650206745,
            "z": 9.111765393754467e-05
        }
    }
}