{
  "means": [
    -0.00017806958163067864,
    -0.00022981464625999623,
    0.00038633696740583614,
    -0.4047957504181855,
    0.6167492496950434,
    -0.344981129960104
  ],
  "std_devs": [
    0.026765754596250878,
    0.045057897063866904,
    0.04280593653487791,
    37.7647533425575,
    15.916030313692513,
    16.137716634787306
  ]
}