{
    "general": {
        "total_sessions": 26,
        "unique_subjects": 23,
        "total_duration_minutes": 576.5234419999999,
        "mean_duration_minutes": 22.173978538461537,
        "std_duration_minutes": 10.939099063317904
    },
    "sampling_rates": {
        "accelerometer": {
            "mean": 51.84411858158118,
            "std": 265.82440642429503,
            "min": 0.04511408744938964,
            "max": 42002.68817204301
        },
        "gyroscope": {
            "mean": 51.02638615375201,
            "std": 105.9510788878933,
            "min": 0.044838311699276,
            "max": 25699.013157894737
        }
    },
    "accelerometer_stats": {
        "range": {
            "min": {
                "x": -37.205997467041016,
                "y": -49.122257232666016,
                "z": -34.43032455444336
            },
            "max": {
                "x": 36.44747543334961,
                "y": 35.82773208618164,
                "z": 54.59942626953125
            }
        },
        "mean": {
            "x": -0.5782759189605713,
            "y": -6.235055446624756,
            "z": 2.846346616744995
        },
        "std": {
            "x": 4.76854944229126,
            "y": 3.457310438156128,
            "z": 4.467911243438721
        },
        "skewness": {
            "x": 0.6038810150333177,
            "y": 1.025167434941465,
            "z": -0.19612379105070438
        },
        "kurtosis": {
            "x": 0.5441975834302313,
            "y": 1.4754420885213264,
            "z": -0.7025675813042271
        }
    },
    "gyroscope_stats": {
        "range": {
            "min": {
                "x": -30.05643081665039,
                "y": -29.968509674072266,
                "z": -30.012470245361328
            },
            "max": {
                "x": 29.962404251098633,
                "y": 29.438547134399414,
                "z": 29.46907615661621
            }
        },
        "mean": {
            "x": -0.0027618003077805042,
            "y": 0.0028336788527667522,
            "z": 0.002284269779920578
        },
        "std": {
            "x": 0.9647233486175537,
            "y": 0.48998957872390747,
            "z": 0.6211690306663513
        },
        "skewness": {
            "x": 0.20919087773653355,
            "y": 0.10459120959401248,
            "z": 0.2546405061101245
        },
        "kurtosis": {
            "x": 31.4944040950801,
            "y": 52.61078212496662,
            "z": 39.491831109669675
        }
    }
}